{"assets/project/.DS_Store":["assets/project/.DS_Store","assets/project/data/.DS_Store","assets/project/data/images/.DS_Store","assets/project/data/books/.DS_Store"],"assets/project/appDef.appDef":["assets/project/appDef.appDef"],"assets/project/data/.DS_Store":["assets/project/data/.DS_Store","assets/project/data/images/.DS_Store","assets/project/data/books/.DS_Store"],"assets/project/data/about/about.txt":["assets/project/data/about/about.txt"],"assets/project/data/about/audio-not-found.txt":["assets/project/data/about/audio-not-found.txt"],"assets/project/data/about/expiry.txt":["assets/project/data/about/expiry.txt"],"assets/project/data/books/C01/01GENwolKYG.SFM":["assets/project/data/books/C01/01GENwolKYG.SFM"],"assets/project/data/books/C01/02EXOwolKYG.SFM":["assets/project/data/books/C01/02EXOwolKYG.SFM"],"assets/project/data/books/C01/03LEVwolKYG.SFM":["assets/project/data/books/C01/03LEVwolKYG.SFM"],"assets/project/data/books/C01/04NUMwolKYG.SFM":["assets/project/data/books/C01/04NUMwolKYG.SFM"],"assets/project/data/books/C01/05DEUwolKYG.SFM":["assets/project/data/books/C01/05DEUwolKYG.SFM"],"assets/project/data/books/C01/06JOSwolKYG.SFM":["assets/project/data/books/C01/06JOSwolKYG.SFM"],"assets/project/data/books/C01/07JDGwolKYG.SFM":["assets/project/data/books/C01/07JDGwolKYG.SFM"],"assets/project/data/books/C01/08RUTwolKYG.SFM":["assets/project/data/books/C01/08RUTwolKYG.SFM"],"assets/project/data/books/C01/091SAwolKYG.SFM":["assets/project/data/books/C01/091SAwolKYG.SFM"],"assets/project/data/books/C01/102SAwolKYG.SFM":["assets/project/data/books/C01/102SAwolKYG.SFM"],"assets/project/data/books/C01/111KIwolKYG.SFM":["assets/project/data/books/C01/111KIwolKYG.SFM"],"assets/project/data/books/C01/122KIwolKYG.SFM":["assets/project/data/books/C01/122KIwolKYG.SFM"],"assets/project/data/books/C01/131CHwolKYG.SFM":["assets/project/data/books/C01/131CHwolKYG.SFM"],"assets/project/data/books/C01/142CHwolKYG.SFM":["assets/project/data/books/C01/142CHwolKYG.SFM"],"assets/project/data/books/C01/15EZRwolKYG.SFM":["assets/project/data/books/C01/15EZRwolKYG.SFM"],"assets/project/data/books/C01/16NEHwolKYG.SFM":["assets/project/data/books/C01/16NEHwolKYG.SFM"],"assets/project/data/books/C01/17ESTwolKYG.SFM":["assets/project/data/books/C01/17ESTwolKYG.SFM"],"assets/project/data/books/C01/18JOBwolKYG.SFM":["assets/project/data/books/C01/18JOBwolKYG.SFM"],"assets/project/data/books/C01/19PSAwolKYG.SFM":["assets/project/data/books/C01/19PSAwolKYG.SFM"],"assets/project/data/books/C01/20PROwolKYG.SFM":["assets/project/data/books/C01/20PROwolKYG.SFM"],"assets/project/data/books/C01/21ECCwolKYG.SFM":["assets/project/data/books/C01/21ECCwolKYG.SFM"],"assets/project/data/books/C01/22SNGwolKYG.SFM":["assets/project/data/books/C01/22SNGwolKYG.SFM"],"assets/project/data/books/C01/23ISAwolKYG.SFM":["assets/project/data/books/C01/23ISAwolKYG.SFM"],"assets/project/data/books/C01/24JERwolKYG.SFM":["assets/project/data/books/C01/24JERwolKYG.SFM"],"assets/project/data/books/C01/25LAMwolKYG.SFM":["assets/project/data/books/C01/25LAMwolKYG.SFM"],"assets/project/data/books/C01/26EZKwolKYG.SFM":["assets/project/data/books/C01/26EZKwolKYG.SFM"],"assets/project/data/books/C01/27DANwolKYG.SFM":["assets/project/data/books/C01/27DANwolKYG.SFM"],"assets/project/data/books/C01/28HOSwolKYG.SFM":["assets/project/data/books/C01/28HOSwolKYG.SFM"],"assets/project/data/books/C01/29JOLwolKYG.SFM":["assets/project/data/books/C01/29JOLwolKYG.SFM"],"assets/project/data/books/C01/30AMOwolKYG.SFM":["assets/project/data/books/C01/30AMOwolKYG.SFM"],"assets/project/data/books/C01/31OBAwolKYG.SFM":["assets/project/data/books/C01/31OBAwolKYG.SFM"],"assets/project/data/books/C01/32JONwolKYG.SFM":["assets/project/data/books/C01/32JONwolKYG.SFM"],"assets/project/data/books/C01/33MICwolKYG.SFM":["assets/project/data/books/C01/33MICwolKYG.SFM"],"assets/project/data/books/C01/34NAMwolKYG.SFM":["assets/project/data/books/C01/34NAMwolKYG.SFM"],"assets/project/data/books/C01/35HABwolKYG.SFM":["assets/project/data/books/C01/35HABwolKYG.SFM"],"assets/project/data/books/C01/36ZEPwolKYG.SFM":["assets/project/data/books/C01/36ZEPwolKYG.SFM"],"assets/project/data/books/C01/37HAGwolKYG.SFM":["assets/project/data/books/C01/37HAGwolKYG.SFM"],"assets/project/data/books/C01/38ZECwolKYG.SFM":["assets/project/data/books/C01/38ZECwolKYG.SFM"],"assets/project/data/books/C01/39MALwolKYG.SFM":["assets/project/data/books/C01/39MALwolKYG.SFM"],"assets/project/data/books/C01/41MATwolKYG.SFM":["assets/project/data/books/C01/41MATwolKYG.SFM"],"assets/project/data/books/C01/42MRKwolKYG.SFM":["assets/project/data/books/C01/42MRKwolKYG.SFM"],"assets/project/data/books/C01/43LUKwolKYG.SFM":["assets/project/data/books/C01/43LUKwolKYG.SFM"],"assets/project/data/books/C01/44JHNwolKYG.SFM":["assets/project/data/books/C01/44JHNwolKYG.SFM"],"assets/project/data/books/C01/45ACTwolKYG.SFM":["assets/project/data/books/C01/45ACTwolKYG.SFM"],"assets/project/data/books/C01/46ROMwolKYG.SFM":["assets/project/data/books/C01/46ROMwolKYG.SFM"],"assets/project/data/books/C01/471COwolKYG.SFM":["assets/project/data/books/C01/471COwolKYG.SFM"],"assets/project/data/books/C01/482COwolKYG.SFM":["assets/project/data/books/C01/482COwolKYG.SFM"],"assets/project/data/books/C01/49GALwolKYG.SFM":["assets/project/data/books/C01/49GALwolKYG.SFM"],"assets/project/data/books/C01/50EPHwolKYG.SFM":["assets/project/data/books/C01/50EPHwolKYG.SFM"],"assets/project/data/books/C01/51PHPwolKYG.SFM":["assets/project/data/books/C01/51PHPwolKYG.SFM"],"assets/project/data/books/C01/52COLwolKYG.SFM":["assets/project/data/books/C01/52COLwolKYG.SFM"],"assets/project/data/books/C01/531THwolKYG.SFM":["assets/project/data/books/C01/531THwolKYG.SFM"],"assets/project/data/books/C01/542THwolKYG.SFM":["assets/project/data/books/C01/542THwolKYG.SFM"],"assets/project/data/books/C01/551TIwolKYG.SFM":["assets/project/data/books/C01/551TIwolKYG.SFM"],"assets/project/data/books/C01/562TIwolKYG.SFM":["assets/project/data/books/C01/562TIwolKYG.SFM"],"assets/project/data/books/C01/57TITwolKYG.SFM":["assets/project/data/books/C01/57TITwolKYG.SFM"],"assets/project/data/books/C01/58PHMwolKYG.SFM":["assets/project/data/books/C01/58PHMwolKYG.SFM"],"assets/project/data/books/C01/59HEBwolKYG.SFM":["assets/project/data/books/C01/59HEBwolKYG.SFM"],"assets/project/data/books/C01/60JASwolKYG.SFM":["assets/project/data/books/C01/60JASwolKYG.SFM"],"assets/project/data/books/C01/611PEwolKYG.SFM":["assets/project/data/books/C01/611PEwolKYG.SFM"],"assets/project/data/books/C01/622PEwolKYG.SFM":["assets/project/data/books/C01/622PEwolKYG.SFM"],"assets/project/data/books/C01/631JNwolKYG.SFM":["assets/project/data/books/C01/631JNwolKYG.SFM"],"assets/project/data/books/C01/642JNwolKYG.SFM":["assets/project/data/books/C01/642JNwolKYG.SFM"],"assets/project/data/books/C01/653JNwolKYG.SFM":["assets/project/data/books/C01/653JNwolKYG.SFM"],"assets/project/data/books/C01/66JUDwolKYG.SFM":["assets/project/data/books/C01/66JUDwolKYG.SFM"],"assets/project/data/books/C01/67REVwolKYG.SFM":["assets/project/data/books/C01/67REVwolKYG.SFM"],"assets/project/data/books/C01/Suseef%20-%20Copy-Corey's%20MacBook%20Pro%202012.sfm":["assets/project/data/books/C01/Suseef%20-%20Copy-Corey's%20MacBook%20Pro%202012.sfm"],"assets/project/data/books/C01/Suseef%20-%20Copy.sfm":["assets/project/data/books/C01/Suseef%20-%20Copy.sfm"],"assets/project/data/books/C02/41MATWNPub18.SFM":["assets/project/data/books/C02/41MATWNPub18.SFM"],"assets/project/data/books/C02/42MRKWNPub18.SFM":["assets/project/data/books/C02/42MRKWNPub18.SFM"],"assets/project/data/books/C02/43LUKWNPub18.SFM":["assets/project/data/books/C02/43LUKWNPub18.SFM"],"assets/project/data/books/C02/44JHNWNPub18.SFM":["assets/project/data/books/C02/44JHNWNPub18.SFM"],"assets/project/data/books/C02/45ACTWNPub18.SFM":["assets/project/data/books/C02/45ACTWNPub18.SFM"],"assets/project/data/books/C02/46ROMWNPub18.SFM":["assets/project/data/books/C02/46ROMWNPub18.SFM"],"assets/project/data/books/C02/471COWNPub18.SFM":["assets/project/data/books/C02/471COWNPub18.SFM"],"assets/project/data/books/C02/482COWNPub18.SFM":["assets/project/data/books/C02/482COWNPub18.SFM"],"assets/project/data/books/C02/49GALWNPub18.SFM":["assets/project/data/books/C02/49GALWNPub18.SFM"],"assets/project/data/books/C02/50EPHWNPub18.SFM":["assets/project/data/books/C02/50EPHWNPub18.SFM"],"assets/project/data/books/C02/51PHPWNPub18.SFM":["assets/project/data/books/C02/51PHPWNPub18.SFM"],"assets/project/data/books/C02/52COLWNPub18.SFM":["assets/project/data/books/C02/52COLWNPub18.SFM"],"assets/project/data/books/C02/531THWNPub18.SFM":["assets/project/data/books/C02/531THWNPub18.SFM"],"assets/project/data/books/C02/542THWNPub18.SFM":["assets/project/data/books/C02/542THWNPub18.SFM"],"assets/project/data/books/C02/551TIWNPub18.SFM":["assets/project/data/books/C02/551TIWNPub18.SFM"],"assets/project/data/books/C02/562TIWNPub18.SFM":["assets/project/data/books/C02/562TIWNPub18.SFM"],"assets/project/data/books/C02/57TITWNPub18.SFM":["assets/project/data/books/C02/57TITWNPub18.SFM"],"assets/project/data/books/C02/58PHMWNPub18.SFM":["assets/project/data/books/C02/58PHMWNPub18.SFM"],"assets/project/data/books/C02/59HEBWNPub18.SFM":["assets/project/data/books/C02/59HEBWNPub18.SFM"],"assets/project/data/books/C02/60JASWNPub18.SFM":["assets/project/data/books/C02/60JASWNPub18.SFM"],"assets/project/data/books/C02/611PEWNPub18.SFM":["assets/project/data/books/C02/611PEWNPub18.SFM"],"assets/project/data/books/C02/622PEWNPub18.SFM":["assets/project/data/books/C02/622PEWNPub18.SFM"],"assets/project/data/books/C02/631JNWNPub18.SFM":["assets/project/data/books/C02/631JNWNPub18.SFM"],"assets/project/data/books/C02/642JNWNPub18.SFM":["assets/project/data/books/C02/642JNWNPub18.SFM"],"assets/project/data/books/C02/653JNWNPub18.SFM":["assets/project/data/books/C02/653JNWNPub18.SFM"],"assets/project/data/books/C02/66JUDWNPub18.SFM":["assets/project/data/books/C02/66JUDWNPub18.SFM"],"assets/project/data/books/C02/67REVWNPub18.SFM":["assets/project/data/books/C02/67REVWNPub18.SFM"],"assets/project/data/books/C03/02-GENfraLSG.usfm":["assets/project/data/books/C03/02-GENfraLSG.usfm"],"assets/project/data/books/C03/03-EXOfraLSG.usfm":["assets/project/data/books/C03/03-EXOfraLSG.usfm"],"assets/project/data/books/C03/04-LEVfraLSG.usfm":["assets/project/data/books/C03/04-LEVfraLSG.usfm"],"assets/project/data/books/C03/05-NUMfraLSG.usfm":["assets/project/data/books/C03/05-NUMfraLSG.usfm"],"assets/project/data/books/C03/06-DEUfraLSG.usfm":["assets/project/data/books/C03/06-DEUfraLSG.usfm"],"assets/project/data/books/C03/07-JOSfraLSG.usfm":["assets/project/data/books/C03/07-JOSfraLSG.usfm"],"assets/project/data/books/C03/08-JDGfraLSG.usfm":["assets/project/data/books/C03/08-JDGfraLSG.usfm"],"assets/project/data/books/C03/09-RUTfraLSG.usfm":["assets/project/data/books/C03/09-RUTfraLSG.usfm"],"assets/project/data/books/C03/10-1SAfraLSG.usfm":["assets/project/data/books/C03/10-1SAfraLSG.usfm"],"assets/project/data/books/C03/11-2SAfraLSG.usfm":["assets/project/data/books/C03/11-2SAfraLSG.usfm"],"assets/project/data/books/C03/12-1KIfraLSG.usfm":["assets/project/data/books/C03/12-1KIfraLSG.usfm"],"assets/project/data/books/C03/13-2KIfraLSG.usfm":["assets/project/data/books/C03/13-2KIfraLSG.usfm"],"assets/project/data/books/C03/14-1CHfraLSG.usfm":["assets/project/data/books/C03/14-1CHfraLSG.usfm"],"assets/project/data/books/C03/15-2CHfraLSG.usfm":["assets/project/data/books/C03/15-2CHfraLSG.usfm"],"assets/project/data/books/C03/16-EZRfraLSG.usfm":["assets/project/data/books/C03/16-EZRfraLSG.usfm"],"assets/project/data/books/C03/17-NEHfraLSG.usfm":["assets/project/data/books/C03/17-NEHfraLSG.usfm"],"assets/project/data/books/C03/18-ESTfraLSG.usfm":["assets/project/data/books/C03/18-ESTfraLSG.usfm"],"assets/project/data/books/C03/19-JOBfraLSG.usfm":["assets/project/data/books/C03/19-JOBfraLSG.usfm"],"assets/project/data/books/C03/20-PSAfraLSG.usfm":["assets/project/data/books/C03/20-PSAfraLSG.usfm"],"assets/project/data/books/C03/21-PROfraLSG.usfm":["assets/project/data/books/C03/21-PROfraLSG.usfm"],"assets/project/data/books/C03/22-ECCfraLSG.usfm":["assets/project/data/books/C03/22-ECCfraLSG.usfm"],"assets/project/data/books/C03/23-SNGfraLSG.usfm":["assets/project/data/books/C03/23-SNGfraLSG.usfm"],"assets/project/data/books/C03/24-ISAfraLSG.usfm":["assets/project/data/books/C03/24-ISAfraLSG.usfm"],"assets/project/data/books/C03/25-JERfraLSG.usfm":["assets/project/data/books/C03/25-JERfraLSG.usfm"],"assets/project/data/books/C03/26-LAMfraLSG.usfm":["assets/project/data/books/C03/26-LAMfraLSG.usfm"],"assets/project/data/books/C03/27-EZKfraLSG.usfm":["assets/project/data/books/C03/27-EZKfraLSG.usfm"],"assets/project/data/books/C03/28-DANfraLSG.usfm":["assets/project/data/books/C03/28-DANfraLSG.usfm"],"assets/project/data/books/C03/29-HOSfraLSG.usfm":["assets/project/data/books/C03/29-HOSfraLSG.usfm"],"assets/project/data/books/C03/30-JOLfraLSG.usfm":["assets/project/data/books/C03/30-JOLfraLSG.usfm"],"assets/project/data/books/C03/31-AMOfraLSG.usfm":["assets/project/data/books/C03/31-AMOfraLSG.usfm"],"assets/project/data/books/C03/32-OBAfraLSG.usfm":["assets/project/data/books/C03/32-OBAfraLSG.usfm"],"assets/project/data/books/C03/33-JONfraLSG.usfm":["assets/project/data/books/C03/33-JONfraLSG.usfm"],"assets/project/data/books/C03/34-MICfraLSG.usfm":["assets/project/data/books/C03/34-MICfraLSG.usfm"],"assets/project/data/books/C03/35-NAMfraLSG.usfm":["assets/project/data/books/C03/35-NAMfraLSG.usfm"],"assets/project/data/books/C03/36-HABfraLSG.usfm":["assets/project/data/books/C03/36-HABfraLSG.usfm"],"assets/project/data/books/C03/37-ZEPfraLSG.usfm":["assets/project/data/books/C03/37-ZEPfraLSG.usfm"],"assets/project/data/books/C03/38-HAGfraLSG.usfm":["assets/project/data/books/C03/38-HAGfraLSG.usfm"],"assets/project/data/books/C03/39-ZECfraLSG.usfm":["assets/project/data/books/C03/39-ZECfraLSG.usfm"],"assets/project/data/books/C03/40-MALfraLSG.usfm":["assets/project/data/books/C03/40-MALfraLSG.usfm"],"assets/project/data/books/C03/46-MATfraLSG.usfm":["assets/project/data/books/C03/46-MATfraLSG.usfm"],"assets/project/data/books/C03/47-MRKfraLSG.usfm":["assets/project/data/books/C03/47-MRKfraLSG.usfm"],"assets/project/data/books/C03/48-LUKfraLSG.usfm":["assets/project/data/books/C03/48-LUKfraLSG.usfm"],"assets/project/data/books/C03/50-ACTfraLSG.usfm":["assets/project/data/books/C03/50-ACTfraLSG.usfm"],"assets/project/data/books/C03/51-ROMfraLSG.usfm":["assets/project/data/books/C03/51-ROMfraLSG.usfm"],"assets/project/data/books/C03/52-1COfraLSG.usfm":["assets/project/data/books/C03/52-1COfraLSG.usfm"],"assets/project/data/books/C03/53-2COfraLSG.usfm":["assets/project/data/books/C03/53-2COfraLSG.usfm"],"assets/project/data/books/C03/54-GALfraLSG.usfm":["assets/project/data/books/C03/54-GALfraLSG.usfm"],"assets/project/data/books/C03/55-EPHfraLSG.usfm":["assets/project/data/books/C03/55-EPHfraLSG.usfm"],"assets/project/data/books/C03/56-PHPfraLSG.usfm":["assets/project/data/books/C03/56-PHPfraLSG.usfm"],"assets/project/data/books/C03/57-COLfraLSG.usfm":["assets/project/data/books/C03/57-COLfraLSG.usfm"],"assets/project/data/books/C03/58-1THfraLSG.usfm":["assets/project/data/books/C03/58-1THfraLSG.usfm"],"assets/project/data/books/C03/59-2THfraLSG.usfm":["assets/project/data/books/C03/59-2THfraLSG.usfm"],"assets/project/data/books/C03/60-1TIfraLSG.usfm":["assets/project/data/books/C03/60-1TIfraLSG.usfm"],"assets/project/data/books/C03/61-2TIfraLSG.usfm":["assets/project/data/books/C03/61-2TIfraLSG.usfm"],"assets/project/data/books/C03/62-TITfraLSG.usfm":["assets/project/data/books/C03/62-TITfraLSG.usfm"],"assets/project/data/books/C03/63-PHMfraLSG.usfm":["assets/project/data/books/C03/63-PHMfraLSG.usfm"],"assets/project/data/books/C03/64-HEBfraLSG.usfm":["assets/project/data/books/C03/64-HEBfraLSG.usfm"],"assets/project/data/books/C03/65-JASfraLSG.usfm":["assets/project/data/books/C03/65-JASfraLSG.usfm"],"assets/project/data/books/C03/66-1PEfraLSG.usfm":["assets/project/data/books/C03/66-1PEfraLSG.usfm"],"assets/project/data/books/C03/68-1JNfraLSG.usfm":["assets/project/data/books/C03/68-1JNfraLSG.usfm"],"assets/project/data/books/C03/69-2JNfraLSG.usfm":["assets/project/data/books/C03/69-2JNfraLSG.usfm"],"assets/project/data/books/C03/70-3JNfraLSG.usfm":["assets/project/data/books/C03/70-3JNfraLSG.usfm"],"assets/project/data/books/C03/71-JUDfraLSG.usfm":["assets/project/data/books/C03/71-JUDfraLSG.usfm"],"assets/project/data/books/C03/72-REVfraLSG.usfm":["assets/project/data/books/C03/72-REVfraLSG.usfm"],"assets/project/data/books/C03/73-JHNfraLSG.usfm":["assets/project/data/books/C03/73-JHNfraLSG.usfm"],"assets/project/data/books/C03/91-2PEfraLSG.usfm":["assets/project/data/books/C03/91-2PEfraLSG.usfm"],"assets/project/data/books/C04/01%20ENG%5BB%5DLEB2012.sfm":["assets/project/data/books/C04/01%20ENG%5BB%5DLEB2012.sfm"],"assets/project/data/books/C04/02%20ENG%5BB%5DLEB2012.sfm":["assets/project/data/books/C04/02%20ENG%5BB%5DLEB2012.sfm"],"assets/project/data/books/C04/03%20ENG%5BB%5DLEB2012.sfm":["assets/project/data/books/C04/03%20ENG%5BB%5DLEB2012.sfm"],"assets/project/data/books/C04/04%20ENG%5BB%5DLEB2012.sfm":["assets/project/data/books/C04/04%20ENG%5BB%5DLEB2012.sfm"],"assets/project/data/books/C04/05%20ENG%5BB%5DLEB2012.sfm":["assets/project/data/books/C04/05%20ENG%5BB%5DLEB2012.sfm"],"assets/project/data/books/C04/06%20ENG%5BB%5DLEB2012.sfm":["assets/project/data/books/C04/06%20ENG%5BB%5DLEB2012.sfm"],"assets/project/data/books/C04/07%20ENG%5BB%5DLEB2012.sfm":["assets/project/data/books/C04/07%20ENG%5BB%5DLEB2012.sfm"],"assets/project/data/books/C04/08%20ENG%5BB%5DLEB2012.sfm":["assets/project/data/books/C04/08%20ENG%5BB%5DLEB2012.sfm"],"assets/project/data/books/C04/09%20ENG%5BB%5DLEB2012.sfm":["assets/project/data/books/C04/09%20ENG%5BB%5DLEB2012.sfm"],"assets/project/data/books/C04/10%20ENG%5BB%5DLEB2012.sfm":["assets/project/data/books/C04/10%20ENG%5BB%5DLEB2012.sfm"],"assets/project/data/books/C04/11%20ENG%5BB%5DLEB2012.sfm":["assets/project/data/books/C04/11%20ENG%5BB%5DLEB2012.sfm"],"assets/project/data/books/C04/12%20ENG%5BB%5DLEB2012.sfm":["assets/project/data/books/C04/12%20ENG%5BB%5DLEB2012.sfm"],"assets/project/data/books/C04/13%20ENG%5BB%5DLEB2012.sfm":["assets/project/data/books/C04/13%20ENG%5BB%5DLEB2012.sfm"],"assets/project/data/books/C04/14%20ENG%5BB%5DLEB2012.sfm":["assets/project/data/books/C04/14%20ENG%5BB%5DLEB2012.sfm"],"assets/project/data/books/C04/15%20ENG%5BB%5DLEB2012.sfm":["assets/project/data/books/C04/15%20ENG%5BB%5DLEB2012.sfm"],"assets/project/data/books/C04/16%20ENG%5BB%5DLEB2012.sfm":["assets/project/data/books/C04/16%20ENG%5BB%5DLEB2012.sfm"],"assets/project/data/books/C04/17%20ENG%5BB%5DLEB2012.sfm":["assets/project/data/books/C04/17%20ENG%5BB%5DLEB2012.sfm"],"assets/project/data/books/C04/18%20ENG%5BB%5DLEB2012.sfm":["assets/project/data/books/C04/18%20ENG%5BB%5DLEB2012.sfm"],"assets/project/data/books/C04/19%20ENG%5BB%5DLEB2012.sfm":["assets/project/data/books/C04/19%20ENG%5BB%5DLEB2012.sfm"],"assets/project/data/books/C04/20%20ENG%5BB%5DLEB2012.sfm":["assets/project/data/books/C04/20%20ENG%5BB%5DLEB2012.sfm"],"assets/project/data/books/C04/21%20ENG%5BB%5DLEB2012.sfm":["assets/project/data/books/C04/21%20ENG%5BB%5DLEB2012.sfm"],"assets/project/data/books/C04/22%20ENG%5BB%5DLEB2012.sfm":["assets/project/data/books/C04/22%20ENG%5BB%5DLEB2012.sfm"],"assets/project/data/books/C04/23%20ENG%5BB%5DLEB2012.sfm":["assets/project/data/books/C04/23%20ENG%5BB%5DLEB2012.sfm"],"assets/project/data/books/C04/24%20ENG%5BB%5DLEB2012.sfm":["assets/project/data/books/C04/24%20ENG%5BB%5DLEB2012.sfm"],"assets/project/data/books/C04/25%20ENG%5BB%5DLEB2012.sfm":["assets/project/data/books/C04/25%20ENG%5BB%5DLEB2012.sfm"],"assets/project/data/books/C04/26%20ENG%5BB%5DLEB2012.sfm":["assets/project/data/books/C04/26%20ENG%5BB%5DLEB2012.sfm"],"assets/project/data/books/C04/27%20ENG%5BB%5DLEB2012.sfm":["assets/project/data/books/C04/27%20ENG%5BB%5DLEB2012.sfm"],"assets/project/data/books/C04/28%20ENG%5BB%5DLEB2012.sfm":["assets/project/data/books/C04/28%20ENG%5BB%5DLEB2012.sfm"],"assets/project/data/books/C04/29%20ENG%5BB%5DLEB2012.sfm":["assets/project/data/books/C04/29%20ENG%5BB%5DLEB2012.sfm"],"assets/project/data/books/C04/30%20ENG%5BB%5DLEB2012.sfm":["assets/project/data/books/C04/30%20ENG%5BB%5DLEB2012.sfm"],"assets/project/data/books/C04/31%20ENG%5BB%5DLEB2012.sfm":["assets/project/data/books/C04/31%20ENG%5BB%5DLEB2012.sfm"],"assets/project/data/books/C04/32%20ENG%5BB%5DLEB2012.sfm":["assets/project/data/books/C04/32%20ENG%5BB%5DLEB2012.sfm"],"assets/project/data/books/C04/33%20ENG%5BB%5DLEB2012.sfm":["assets/project/data/books/C04/33%20ENG%5BB%5DLEB2012.sfm"],"assets/project/data/books/C04/34%20ENG%5BB%5DLEB2012.sfm":["assets/project/data/books/C04/34%20ENG%5BB%5DLEB2012.sfm"],"assets/project/data/books/C04/35%20ENG%5BB%5DLEB2012.sfm":["assets/project/data/books/C04/35%20ENG%5BB%5DLEB2012.sfm"],"assets/project/data/books/C04/36%20ENG%5BB%5DLEB2012.sfm":["assets/project/data/books/C04/36%20ENG%5BB%5DLEB2012.sfm"],"assets/project/data/books/C04/37%20ENG%5BB%5DLEB2012.sfm":["assets/project/data/books/C04/37%20ENG%5BB%5DLEB2012.sfm"],"assets/project/data/books/C04/38%20ENG%5BB%5DLEB2012.sfm":["assets/project/data/books/C04/38%20ENG%5BB%5DLEB2012.sfm"],"assets/project/data/books/C04/39%20ENG%5BB%5DLEB2012.sfm":["assets/project/data/books/C04/39%20ENG%5BB%5DLEB2012.sfm"],"assets/project/data/books/C04/40%20ENG%5BB%5DLEB2012.sfm":["assets/project/data/books/C04/40%20ENG%5BB%5DLEB2012.sfm"],"assets/project/data/books/C04/41%20ENG%5BB%5DLEB2012.sfm":["assets/project/data/books/C04/41%20ENG%5BB%5DLEB2012.sfm"],"assets/project/data/books/C04/42%20ENG%5BB%5DLEB2012.sfm":["assets/project/data/books/C04/42%20ENG%5BB%5DLEB2012.sfm"],"assets/project/data/books/C04/43%20ENG%5BB%5DLEB2012.sfm":["assets/project/data/books/C04/43%20ENG%5BB%5DLEB2012.sfm"],"assets/project/data/books/C04/44%20ENG%5BB%5DLEB2012.sfm":["assets/project/data/books/C04/44%20ENG%5BB%5DLEB2012.sfm"],"assets/project/data/books/C04/45%20ENG%5BB%5DLEB2012.sfm":["assets/project/data/books/C04/45%20ENG%5BB%5DLEB2012.sfm"],"assets/project/data/books/C04/46%20ENG%5BB%5DLEB2012.sfm":["assets/project/data/books/C04/46%20ENG%5BB%5DLEB2012.sfm"],"assets/project/data/books/C04/47%20ENG%5BB%5DLEB2012.sfm":["assets/project/data/books/C04/47%20ENG%5BB%5DLEB2012.sfm"],"assets/project/data/books/C04/48%20ENG%5BB%5DLEB2012.sfm":["assets/project/data/books/C04/48%20ENG%5BB%5DLEB2012.sfm"],"assets/project/data/books/C04/49%20ENG%5BB%5DLEB2012.sfm":["assets/project/data/books/C04/49%20ENG%5BB%5DLEB2012.sfm"],"assets/project/data/books/C04/50%20ENG%5BB%5DLEB2012.sfm":["assets/project/data/books/C04/50%20ENG%5BB%5DLEB2012.sfm"],"assets/project/data/books/C04/51%20ENG%5BB%5DLEB2012.sfm":["assets/project/data/books/C04/51%20ENG%5BB%5DLEB2012.sfm"],"assets/project/data/books/C04/52%20ENG%5BB%5DLEB2012.sfm":["assets/project/data/books/C04/52%20ENG%5BB%5DLEB2012.sfm"],"assets/project/data/books/C04/53%20ENG%5BB%5DLEB2012.sfm":["assets/project/data/books/C04/53%20ENG%5BB%5DLEB2012.sfm"],"assets/project/data/books/C04/54%20ENG%5BB%5DLEB2012.sfm":["assets/project/data/books/C04/54%20ENG%5BB%5DLEB2012.sfm"],"assets/project/data/books/C04/55%20ENG%5BB%5DLEB2012.sfm":["assets/project/data/books/C04/55%20ENG%5BB%5DLEB2012.sfm"],"assets/project/data/books/C04/56%20ENG%5BB%5DLEB2012.sfm":["assets/project/data/books/C04/56%20ENG%5BB%5DLEB2012.sfm"],"assets/project/data/books/C04/57%20ENG%5BB%5DLEB2012.sfm":["assets/project/data/books/C04/57%20ENG%5BB%5DLEB2012.sfm"],"assets/project/data/books/C04/58%20ENG%5BB%5DLEB2012.sfm":["assets/project/data/books/C04/58%20ENG%5BB%5DLEB2012.sfm"],"assets/project/data/books/C04/59%20ENG%5BB%5DLEB2012.sfm":["assets/project/data/books/C04/59%20ENG%5BB%5DLEB2012.sfm"],"assets/project/data/books/C04/60%20ENG%5BB%5DLEB2012.sfm":["assets/project/data/books/C04/60%20ENG%5BB%5DLEB2012.sfm"],"assets/project/data/books/C04/61%20ENG%5BB%5DLEB2012.sfm":["assets/project/data/books/C04/61%20ENG%5BB%5DLEB2012.sfm"],"assets/project/data/books/C04/62%20ENG%5BB%5DLEB2012.sfm":["assets/project/data/books/C04/62%20ENG%5BB%5DLEB2012.sfm"],"assets/project/data/books/C04/63%20ENG%5BB%5DLEB2012.sfm":["assets/project/data/books/C04/63%20ENG%5BB%5DLEB2012.sfm"],"assets/project/data/books/C04/64%20ENG%5BB%5DLEB2012.sfm":["assets/project/data/books/C04/64%20ENG%5BB%5DLEB2012.sfm"],"assets/project/data/books/C04/65%20ENG%5BB%5DLEB2012.sfm":["assets/project/data/books/C04/65%20ENG%5BB%5DLEB2012.sfm"],"assets/project/data/books/C04/66%20ENG%5BB%5DLEB2012.sfm":["assets/project/data/books/C04/66%20ENG%5BB%5DLEB2012.sfm"],"assets/project/data/contents/contents.xml":["assets/project/data/contents/contents.xml"],"assets/project/data/fonts/font1-B.ttf":["assets/project/data/fonts/font1-B.ttf"],"assets/project/data/fonts/font1-R.ttf":["assets/project/data/fonts/font1-R.ttf"],"assets/project/data/fonts/font2-B.ttf":["assets/project/data/fonts/font2-B.ttf"],"assets/project/data/fonts/font2-R.ttf":["assets/project/data/fonts/font2-R.ttf"],"assets/project/data/images/drawable-xxxhdpi/ic_launcher.png":["assets/project/data/images/drawable-xxxhdpi/ic_launcher.png"],"packages/fluent_ui/assets/AcrylicNoise.png":["packages/fluent_ui/assets/AcrylicNoise.png"],"packages/fluent_ui/fonts/FluentIcons.ttf":["packages/fluent_ui/fonts/FluentIcons.ttf"],"packages/window_manager/images/ic_chrome_close.png":["packages/window_manager/images/ic_chrome_close.png"],"packages/window_manager/images/ic_chrome_maximize.png":["packages/window_manager/images/ic_chrome_maximize.png"],"packages/window_manager/images/ic_chrome_minimize.png":["packages/window_manager/images/ic_chrome_minimize.png"],"packages/window_manager/images/ic_chrome_unmaximize.png":["packages/window_manager/images/ic_chrome_unmaximize.png"]}