[{"family":"MaterialIcons","fonts":[{"asset":"fonts/MaterialIcons-Regular.otf"}]},{"family":"font1","fonts":[{"asset":"assets/project/data/fonts/font1-R.ttf"},{"weight":700,"asset":"assets/project/data/fonts/font1-B.ttf"}]},{"family":"font2","fonts":[{"asset":"assets/project/data/fonts/font2-R.ttf"},{"weight":700,"asset":"assets/project/data/fonts/font2-B.ttf"}]},{"family":"font3","fonts":[{"asset":"assets/project/data/fonts/font3-R.ttf"},{"weight":700,"asset":"assets/project/data/fonts/font3-B.ttf"}]},{"family":"packages/fluent_ui/FluentIcons","fonts":[{"asset":"packages/fluent_ui/fonts/FluentIcons.ttf"}]}]