[
  {
    "langCode": "en",
    "addColumn": "Add Column",
    "settingsTheme": "Theme",
    "systemTheme": "System Theme",
    "lightTheme": "Light Theme",
    "darkTheme": "Dark Theme"
  },
  {
    "langCode": "fr",
    "addColumn": "Ajouter une colonne",
    "settingsTheme": "Thème",
    "systemTheme": "Thème système",
    "lightTheme": "Thème claire",
    "darkTheme": "Thème sombre"
  },
  {
    "langCode": "wol",
    "addColumn": "Yokk benn pàcc",
    "settingsTheme": "Melo wërale bi",
    "systemTheme": "Melo système",
    "lightTheme": "Melo bu woyof",
    "darkTheme": "Melo bu lëndëm"
  }
]
